office,name_de,name_fr
https://culture.ld.admin.ch/sfa/StateAccounts_Office/9/Office/O1,Getreideverwaltung,Administration des blés
https://culture.ld.admin.ch/sfa/StateAccounts_Office/9/Office/O10,Armasuisse Immobilien,Armasuisse immobilier
https://culture.ld.admin.ch/sfa/StateAccounts_Office/9/Office/O100,"Anstalt für Wasserversorgung, Abwassereinigung und Gewässerschutz","Institut pour l'aménagement, l'épuration et la protection des eaux"
https://culture.ld.admin.ch/sfa/StateAccounts_Office/9/Office/O101,Institut für Reaktorforschung,Institut pour les recherches en matière de réacteurs
https://culture.ld.admin.ch/sfa/StateAccounts_Office/9/Office/O102,Schweizerisches Institut für Rechtsvergleichung,Institut suisse de droit comparé
https://culture.ld.admin.ch/sfa/StateAccounts_Office/9/Office/O103,Pulververwaltung,Intendance des poudres
https://culture.ld.admin.ch/sfa/StateAccounts_Office/9/Office/O104,Kriegsmaterialverwaltung,Intendance du matériel de guerre
https://culture.ld.admin.ch/sfa/StateAccounts_Office/9/Office/O105,"Materialprüfungs- und Versuchsanstalt für Industrie, Bauwesen und Gewerbe",Laboratoire des matériaux et de recherche pour l'industrie et les arts et métiers
https://culture.ld.admin.ch/sfa/StateAccounts_Office/9/Office/O106,Bundesanwaltschaft,Ministère public de la Confédération
https://culture.ld.admin.ch/sfa/StateAccounts_Office/9/Office/O107,Münzstätte,Monnaie fédérale
https://culture.ld.admin.ch/sfa/StateAccounts_Office/9/Office/O108,Landesmuseum,Musée national
https://culture.ld.admin.ch/sfa/StateAccounts_Office/9/Office/O109,Luftamt,Office aérien
https://culture.ld.admin.ch/sfa/StateAccounts_Office/9/Office/O11,Armasuisse W+T,Armasuisse S+T
https://culture.ld.admin.ch/sfa/StateAccounts_Office/9/Office/O110,Zentralstelle für Gesamtverteidigung,Office central de la défense
https://culture.ld.admin.ch/sfa/StateAccounts_Office/9/Office/O111,Drucksachen- und Materialzentrale,Office central des imprimés et du matériel
https://culture.ld.admin.ch/sfa/StateAccounts_Office/9/Office/O112,Amt für Wasserwirtschaft,Office de l'économie hydraulique
https://culture.ld.admin.ch/sfa/StateAccounts_Office/9/Office/O113,Amt für Elektrizitätswirtschaft,Office de l'économie électrique
https://culture.ld.admin.ch/sfa/StateAccounts_Office/9/Office/O114,Amt für Energiewirtschaft,Office de l'économie énergétique
https://culture.ld.admin.ch/sfa/StateAccounts_Office/9/Office/O115,Bundesamt für Umweltschutz,Office de la protection de l'environnement
https://culture.ld.admin.ch/sfa/StateAccounts_Office/9/Office/O116,Amt für Wissenschaft und Forschung,Office de la science et de la recherche
https://culture.ld.admin.ch/sfa/StateAccounts_Office/9/Office/O117,Bundesamt für Metrologie und Akkreditierung,Office de métrologie et d'accréditation
https://culture.ld.admin.ch/sfa/StateAccounts_Office/9/Office/O118,Bundesamt für Verkehr,Office des transports
https://culture.ld.admin.ch/sfa/StateAccounts_Office/9/Office/O119,Preiskontrollstelle,Office du contrôle des prix
https://culture.ld.admin.ch/sfa/StateAccounts_Office/9/Office/O12,Militärversicherung,Assurance militaire
https://culture.ld.admin.ch/sfa/StateAccounts_Office/9/Office/O120,Bundesamt für Wirtschaft und Arbeit,Office du développement économique et de l'emploi
https://culture.ld.admin.ch/sfa/StateAccounts_Office/9/Office/O121,Bundesamt für Adjutantur,Office fédéral de l'adjudance
https://culture.ld.admin.ch/sfa/StateAccounts_Office/9/Office/O122,Bundesamt für Landwirtschaft,Office fédéral de l'agriculture
https://culture.ld.admin.ch/sfa/StateAccounts_Office/9/Office/O123,Bundesamt für wirtschaftliche Landesversorgung,Office fédéral de l'aménagement du territoire
https://culture.ld.admin.ch/sfa/StateAccounts_Office/9/Office/O124,Bundesamt für Militärversicherung,Office fédéral de l'assurance militaire
https://culture.ld.admin.ch/sfa/StateAccounts_Office/9/Office/O125,Bundesamt für Zivilluftfahrt,Office fédéral de l'aviation civile
https://culture.ld.admin.ch/sfa/StateAccounts_Office/9/Office/O126,Bundesamt für Militärflugwesen und Fliegerabwehr,Office fédéral de l'aviation militaire et de la défense contre avions
https://culture.ld.admin.ch/sfa/StateAccounts_Office/9/Office/O127,Bundesamt für Umwelt,Office fédéral de l'environnement
https://culture.ld.admin.ch/sfa/StateAccounts_Office/9/Office/O128,"Bundesamt für Umwelt, Wald und Landschaft","Office fédéral de l'environnement, des forêts et du paysage"
https://culture.ld.admin.ch/sfa/StateAccounts_Office/9/Office/O129,"Bundesamt für Zuwanderung, Integration und Auswanderung","Office fédéral de l'immigration, de l'intégration et de l'émigration"
https://culture.ld.admin.ch/sfa/StateAccounts_Office/9/Office/O13,Regulierungsbehörden Infrastruktur,Autorités de régulation des infrastructures
https://culture.ld.admin.ch/sfa/StateAccounts_Office/9/Office/O130,"Bundesamt für Industrie, Gewerbe und Arbeit","Office fédéral de l'industrie, des arts et métiers et du travail"
https://culture.ld.admin.ch/sfa/StateAccounts_Office/9/Office/O131,Bundesamt für Informatik und Telekommunikation,Office fédéral de l'informatique et de la télécommunication
https://culture.ld.admin.ch/sfa/StateAccounts_Office/9/Office/O132,Bundesamt für Organisation,Office fédéral de l'organisation
https://culture.ld.admin.ch/sfa/StateAccounts_Office/9/Office/O133,Bundesamt für Wasserwirtschaft,Office fédéral de l'économie des eaux
https://culture.ld.admin.ch/sfa/StateAccounts_Office/9/Office/O134,Bundesamt für Bildung und Wissenschaft,Office fédéral de l'éducation et de la science
https://culture.ld.admin.ch/sfa/StateAccounts_Office/9/Office/O135,Bundesamt für Energiewirtschaft,Office fédéral de l'énergie
https://culture.ld.admin.ch/sfa/StateAccounts_Office/9/Office/O136,Bundesamt für Kommunikation,Office fédéral de la communication
https://culture.ld.admin.ch/sfa/StateAccounts_Office/9/Office/O137,Bundesamt für wirtschaftliche Kriegsvorsorge,Office fédéral de la défense économique
https://culture.ld.admin.ch/sfa/StateAccounts_Office/9/Office/O138,Bundesamt für Berufsbildung und Technologie,Office fédéral de la formation professionnelle et de la technologie
https://culture.ld.admin.ch/sfa/StateAccounts_Office/9/Office/O139,Bundesamt für Justiz,Office fédéral de la justice
https://culture.ld.admin.ch/sfa/StateAccounts_Office/9/Office/O14,AHV-Zentrale Ausgleichsstelle,AVS-Centrale de compensation
https://culture.ld.admin.ch/sfa/StateAccounts_Office/9/Office/O140,Bundesamt für Polizeiwesen,Office fédéral de la police
https://culture.ld.admin.ch/sfa/StateAccounts_Office/9/Office/O141,Bundesamt für geistiges Eigentum,Office fédéral de la propriété intellectuelle
https://culture.ld.admin.ch/sfa/StateAccounts_Office/9/Office/O142,Bundesamt für Bevölkerungsschutz,Office fédéral de la protection de la population
https://culture.ld.admin.ch/sfa/StateAccounts_Office/9/Office/O143,Bundesamt für Gesundheitswesen,Office fédéral de la santé publique
https://culture.ld.admin.ch/sfa/StateAccounts_Office/9/Office/O144,Bundesamt für Statistik,Office fédéral de la statistique
https://culture.ld.admin.ch/sfa/StateAccounts_Office/9/Office/O145,Bundesamt für Lebensmittelsicherheit und Veterinärwesen,Office fédéral de la sécurité alimentaire et des affaires vétérinaires
https://culture.ld.admin.ch/sfa/StateAccounts_Office/9/Office/O146,Bundesamt für Landestopographie,Office fédéral de la topographie
https://culture.ld.admin.ch/sfa/StateAccounts_Office/9/Office/O147,Bundesamt für Meteorologie und Klimatologie,Office fédéral de météorologie et de climatologie
https://culture.ld.admin.ch/sfa/StateAccounts_Office/9/Office/O148,Bundesamt für Kulturpflege,Office fédéral des affaires culturelles
https://culture.ld.admin.ch/sfa/StateAccounts_Office/9/Office/O149,Bundesamt für Sanitätsdienst,Office fédéral des affaires sanitaires de l'armée
https://culture.ld.admin.ch/sfa/StateAccounts_Office/9/Office/O15,Militärflugplätze,Aérodromes militaires
https://culture.ld.admin.ch/sfa/StateAccounts_Office/9/Office/O150,Bundesamt für Militärveterinärdienst,Office fédéral des affaires vétérinaires de l'armée
https://culture.ld.admin.ch/sfa/StateAccounts_Office/9/Office/O151,Bundesamt für Aussenwirtschaft,Office fédéral des affaires économiques extérieures
https://culture.ld.admin.ch/sfa/StateAccounts_Office/9/Office/O152,Bundesamt für Privatversicherungswesen,Office fédéral des assurances privées
https://culture.ld.admin.ch/sfa/StateAccounts_Office/9/Office/O153,Bundesamt für Sozialversicherungen,Office fédéral des assurances sociales
https://culture.ld.admin.ch/sfa/StateAccounts_Office/9/Office/O154,Bundesamt für Militärflugplätze,Office fédéral des aérodromes militaires
https://culture.ld.admin.ch/sfa/StateAccounts_Office/9/Office/O155,Bundesamt für Bauten und Logistik,Office fédéral des constructions et de la logistique
https://culture.ld.admin.ch/sfa/StateAccounts_Office/9/Office/O156,Bundesamt für Wasser und Geologie,Office fédéral des eaux et de la géologie
https://culture.ld.admin.ch/sfa/StateAccounts_Office/9/Office/O157,Bundesamt für Forstwesen,Office fédéral des forêts
https://culture.ld.admin.ch/sfa/StateAccounts_Office/9/Office/O158,Bundesamt für Migration,Office fédéral des migrations
https://culture.ld.admin.ch/sfa/StateAccounts_Office/9/Office/O159,Bundesamt für Konjunkturfragen,Office fédéral des questions conjoncturelles
https://culture.ld.admin.ch/sfa/StateAccounts_Office/9/Office/O16,Zentralbibliothek,Bibliothèque centrale
https://culture.ld.admin.ch/sfa/StateAccounts_Office/9/Office/O160,Bundesamt für Strassenbau,Office fédéral des routes
https://culture.ld.admin.ch/sfa/StateAccounts_Office/9/Office/O161,Bundesamt für Flüchtlinge,Office fédéral des réfugiés
https://culture.ld.admin.ch/sfa/StateAccounts_Office/9/Office/O162,Bundesamt für Übermittlungstruppen,Office fédéral des troupes de transmissions
https://culture.ld.admin.ch/sfa/StateAccounts_Office/9/Office/O163,Bundesamt für Ausländerfragen,Office fédéral des étrangers
https://culture.ld.admin.ch/sfa/StateAccounts_Office/9/Office/O164,Bundesamt für Raumentwicklung,Office fédéral du développement territorial
https://culture.ld.admin.ch/sfa/StateAccounts_Office/9/Office/O165,Bundesamt für Genie und Festungen,Office fédéral du génie et des fortifications
https://culture.ld.admin.ch/sfa/StateAccounts_Office/9/Office/O166,Bundesamt für Wohnungswesen,Office fédéral du logement
https://culture.ld.admin.ch/sfa/StateAccounts_Office/9/Office/O167,Eidgenössisches Personalamt,Office fédéral du personnel
https://culture.ld.admin.ch/sfa/StateAccounts_Office/9/Office/O168,Bundesamt für Sport,Office fédéral du sport
https://culture.ld.admin.ch/sfa/StateAccounts_Office/9/Office/O169,Bundesamt für Raumplanung,Office fédéral pour l'approvisionnement économique du pays
https://culture.ld.admin.ch/sfa/StateAccounts_Office/9/Office/O17,Schweizerische Nationalbibliothek,Bibliothèque nationale suisse
https://culture.ld.admin.ch/sfa/StateAccounts_Office/9/Office/O170,Bundesamt für Zivilschutz,Office fédéral pour la protection civile
https://culture.ld.admin.ch/sfa/StateAccounts_Office/9/Office/O171,Bundesamt für Veterinärwesen,Office vétérinaire fédéral
https://culture.ld.admin.ch/sfa/StateAccounts_Office/9/Office/O172,Vollzugsstelle für den Zivildienst,Organe d'exécution du Service civil
https://culture.ld.admin.ch/sfa/StateAccounts_Office/9/Office/O173,Armeemotorfahrzeugpark,Parcs des automobiles de l'armée
https://culture.ld.admin.ch/sfa/StateAccounts_Office/9/Office/O174,Fremdenpolizei,Police des étrangers
https://culture.ld.admin.ch/sfa/StateAccounts_Office/9/Office/O175,Post/Swisscom,Poste/Swisscom
https://culture.ld.admin.ch/sfa/StateAccounts_Office/9/Office/O176,Militärsanatorien und Gutsbetriebe,Sanatoriums militaires et domaines
https://culture.ld.admin.ch/sfa/StateAccounts_Office/9/Office/O177,Staatssekretariat für internationale Finanzfragen,Secrétariat d'Etat aux questions financières internationales
https://culture.ld.admin.ch/sfa/StateAccounts_Office/9/Office/O178,Staatssekretariat und Büro für Weltraumangelegenheiten,Secrétariat d'Etat et bureau des affaires spatiales
https://culture.ld.admin.ch/sfa/StateAccounts_Office/9/Office/O179,Staatssekretariat für Wirtschaft,Secrétariat d'Etat à l'économie
https://culture.ld.admin.ch/sfa/StateAccounts_Office/9/Office/O18,Büro für die Gleichstellung von Frau und Mann,Bureau de l'égalité entre les hommes et les femmes
https://culture.ld.admin.ch/sfa/StateAccounts_Office/9/Office/O180,Staatssekretariat für Bildung und Forschung,Secrétariat d'Etat à l'éducation et à la recherche
https://culture.ld.admin.ch/sfa/StateAccounts_Office/9/Office/O181,Departementsekretariat,Secrétariat du département
https://culture.ld.admin.ch/sfa/StateAccounts_Office/9/Office/O182,Generalsekretariat,Secrétariat général
https://culture.ld.admin.ch/sfa/StateAccounts_Office/9/Office/O183,Generalsekretariat VBS,Secrétariat général du DDPS
https://culture.ld.admin.ch/sfa/StateAccounts_Office/9/Office/O184,Generalsekretariat UVEK,Secrétariat général du DETEC
https://culture.ld.admin.ch/sfa/StateAccounts_Office/9/Office/O185,Generalsekretariat EVD,Secrétariat général du DFE
https://culture.ld.admin.ch/sfa/StateAccounts_Office/9/Office/O186,Generalsekretariat WBF,Secrétariat général du DFER
https://culture.ld.admin.ch/sfa/StateAccounts_Office/9/Office/O187,Generalsekretariat EFD,Secrétariat général du DFF
https://culture.ld.admin.ch/sfa/StateAccounts_Office/9/Office/O188,Generalsekretariat EDI,Secrétariat général du DFI
https://culture.ld.admin.ch/sfa/StateAccounts_Office/9/Office/O189,Generalsekretariat EJPD,Secrétariat général du DFJP
https://culture.ld.admin.ch/sfa/StateAccounts_Office/9/Office/O19,Amt für geistiges Eigentum,Bureau de la propriété intellectuelle
https://culture.ld.admin.ch/sfa/StateAccounts_Office/9/Office/O190,Beschwerdedienst,Section des recours
https://culture.ld.admin.ch/sfa/StateAccounts_Office/9/Office/O191,Zivildienst,Service civil
https://culture.ld.admin.ch/sfa/StateAccounts_Office/9/Office/O192,Schweizerische Akkreditierungsstelle,Service d'accrédiation suisse
https://culture.ld.admin.ch/sfa/StateAccounts_Office/9/Office/O193,Schweizerische Unfalluntersuchungsstelle,Service d'enquête suisse sur les accidents
https://culture.ld.admin.ch/sfa/StateAccounts_Office/9/Office/O194,Abteilung für Adjutantur,Service de l'adjudance
https://culture.ld.admin.ch/sfa/StateAccounts_Office/9/Office/O195,Abteilung für Artillerie,Service de l'artillerie
https://culture.ld.admin.ch/sfa/StateAccounts_Office/9/Office/O196,Abteilung für Flugwesen und Fliegerabwehr,Service de l'aviation et de la défense contre avions
https://culture.ld.admin.ch/sfa/StateAccounts_Office/9/Office/O197,Gesundheitsamt,Service de l'hygiène publique
https://culture.ld.admin.ch/sfa/StateAccounts_Office/9/Office/O198,Abteilung für Infanterie,Service de l'infanterie
https://culture.ld.admin.ch/sfa/StateAccounts_Office/9/Office/O199,Generalstabsabteilung,Service de l'état-major général
https://culture.ld.admin.ch/sfa/StateAccounts_Office/9/Office/O2,Finanzverwaltung,Administration des finances
https://culture.ld.admin.ch/sfa/StateAccounts_Office/9/Office/O20,Statistisches Amt,Bureau de statistique
https://culture.ld.admin.ch/sfa/StateAccounts_Office/9/Office/O200,Abteilung für Heeresmotorisierung,Service de la motorisation de l'armée
https://culture.ld.admin.ch/sfa/StateAccounts_Office/9/Office/O201,Abteilung für Luftschutz,Service de la protection anti-aérienne
https://culture.ld.admin.ch/sfa/StateAccounts_Office/9/Office/O202,Amt für Gewässerschutz,Service de la protection des eaux
https://culture.ld.admin.ch/sfa/StateAccounts_Office/9/Office/O203,Nachrichtendienst des Bundes,Service de renseignement de la Confédération
https://culture.ld.admin.ch/sfa/StateAccounts_Office/9/Office/O204,Abteilung für Sanität,Service de santé
https://culture.ld.admin.ch/sfa/StateAccounts_Office/9/Office/O205,Abteilung für Militärflugplätze,Service des aérodromes militaires
https://culture.ld.admin.ch/sfa/StateAccounts_Office/9/Office/O206,Amt für Wasserwirtschaft,Service des eaux
https://culture.ld.admin.ch/sfa/StateAccounts_Office/9/Office/O207,Sektion für Ein- und Ausfuhr,Service des importations et exportations
https://culture.ld.admin.ch/sfa/StateAccounts_Office/9/Office/O208,Amt für Straßen- und Flußbau,Service des routes et des digues
https://culture.ld.admin.ch/sfa/StateAccounts_Office/9/Office/O209,Abteilung für Übermittlungstruppen,Service des transmissions
https://culture.ld.admin.ch/sfa/StateAccounts_Office/9/Office/O21,Versicherungsamt,Bureau des assurances
https://culture.ld.admin.ch/sfa/StateAccounts_Office/9/Office/O210,Abteilung für Transportdienst und Reparaturtruppen,Service des transports et des réparations
https://culture.ld.admin.ch/sfa/StateAccounts_Office/9/Office/O211,Kriegstechnische Abteilung,Service technique militaire
https://culture.ld.admin.ch/sfa/StateAccounts_Office/9/Office/O212,Abteilung für Territorialdienst und Luftschutztruppen,Service territorial et des troupes de protection aérienne
https://culture.ld.admin.ch/sfa/StateAccounts_Office/9/Office/O213,Abteilung für Landestopographie,Service topographique
https://culture.ld.admin.ch/sfa/StateAccounts_Office/9/Office/O214,Abteilung für Veterinärwesen,Service vétérinaire
https://culture.ld.admin.ch/sfa/StateAccounts_Office/9/Office/O215,Abteilung für Leichte Truppen,Services des troupes légères
https://culture.ld.admin.ch/sfa/StateAccounts_Office/9/Office/O216,Abteilung für Mechanisierte und Leichte Truppen,Services des troupes mécanisées et légères
https://culture.ld.admin.ch/sfa/StateAccounts_Office/9/Office/O217,Meteorologische Zentralanstalt,Station centrale de météorologie
https://culture.ld.admin.ch/sfa/StateAccounts_Office/9/Office/O218,Landwirtschaftliche Forschungsanstalten,Stations de recherches agronomiques
https://culture.ld.admin.ch/sfa/StateAccounts_Office/9/Office/O219,Informatiksteuerungsorgan des Bundes,Unité de pilotage informatique de la Confédération
https://culture.ld.admin.ch/sfa/StateAccounts_Office/9/Office/O22,Amt für Maß und Gewicht,Bureau des poids et mesures
https://culture.ld.admin.ch/sfa/StateAccounts_Office/9/Office/O23,Büro des Delegierten für Arbeitsbeschaffung und wirtschaftlicher Landesverteidigung,Bureau du délégué aux possibilités de travail et à la défense nationale économique
https://culture.ld.admin.ch/sfa/StateAccounts_Office/9/Office/O24,Versicherungskasse,Caisse d'assurance
https://culture.ld.admin.ch/sfa/StateAccounts_Office/9/Office/O25,Heiz- und Elektrizitätszentrale,Centrale de chauffage et d'électricité
https://culture.ld.admin.ch/sfa/StateAccounts_Office/9/Office/O26,Zentralstelle für Arbeitsbeschaffung und Büro für Wohnungsbau,Centrale des possibilités de travail et bureau pour la construction de logements
https://culture.ld.admin.ch/sfa/StateAccounts_Office/9/Office/O27,Bundesreisezentrale,Centrale des voyages de la Confédération
https://culture.ld.admin.ch/sfa/StateAccounts_Office/9/Office/O28,Zentralstelle für Organisationsfragen,Centrale pour les questions d'organisation
https://culture.ld.admin.ch/sfa/StateAccounts_Office/9/Office/O29,Informatik-Dienstleistungszentrum VBS,Centre de services informatiques DDPS
https://culture.ld.admin.ch/sfa/StateAccounts_Office/9/Office/O3,PTT-Verwaltung,Administration des PTT
https://culture.ld.admin.ch/sfa/StateAccounts_Office/9/Office/O30,Informatik-Dienstleistungszentrum UVEK,Centre de services informatiques DETEC
https://culture.ld.admin.ch/sfa/StateAccounts_Office/9/Office/O31,Informatik-Dienstleistungszentrum EDA,Centre de services informatiques DFAE
https://culture.ld.admin.ch/sfa/StateAccounts_Office/9/Office/O32,Information Service Center EVD,Centre de services informatiques DFE
https://culture.ld.admin.ch/sfa/StateAccounts_Office/9/Office/O33,Information Service Center WBF,Centre de services informatiques DFER
https://culture.ld.admin.ch/sfa/StateAccounts_Office/9/Office/O34,Informatik-Dienstleistungszentrum EDI,Centre de services informatiques DFI
https://culture.ld.admin.ch/sfa/StateAccounts_Office/9/Office/O35,Informatik Service Center EJPD,Centre de services informatiques DFJP
https://culture.ld.admin.ch/sfa/StateAccounts_Office/9/Office/O36,Filmkammer,Chambre du cinéma
https://culture.ld.admin.ch/sfa/StateAccounts_Office/9/Office/O37,Rehabilitationsklinik Novaggio,Clinique de réadaptation de Novaggio
https://culture.ld.admin.ch/sfa/StateAccounts_Office/9/Office/O38,Militärspital Novaggio,Clinique militaire de Novaggio
https://culture.ld.admin.ch/sfa/StateAccounts_Office/9/Office/O39,Oberkriegskommissariat,Commissariat central des guerres
https://culture.ld.admin.ch/sfa/StateAccounts_Office/9/Office/O4,Eidgenössische Steuerverwaltung,Administration fédérale des contributions
https://culture.ld.admin.ch/sfa/StateAccounts_Office/9/Office/O40,Wettbewerbskommission,Commission de la concurrence
https://culture.ld.admin.ch/sfa/StateAccounts_Office/9/Office/O41,Rekurskommission UVEK,Commission de recours du DETEC
https://culture.ld.admin.ch/sfa/StateAccounts_Office/9/Office/O42,Rekurskommission EVD,Commission de recours du DFEP
https://culture.ld.admin.ch/sfa/StateAccounts_Office/9/Office/O43,Rekurskommission INUM,Commission de recours du INEN
https://culture.ld.admin.ch/sfa/StateAccounts_Office/9/Office/O44,Asyl-Rekurskommission,Commission de recours en matière d'asile
https://culture.ld.admin.ch/sfa/StateAccounts_Office/9/Office/O45,Eidgenössische Bankenkommission,Commission fédérale des banques
https://culture.ld.admin.ch/sfa/StateAccounts_Office/9/Office/O46,Eidgenössische Spielbankenkommission,Commission fédérale des maisons de jeu
https://culture.ld.admin.ch/sfa/StateAccounts_Office/9/Office/O47,Kommission für Technologie und Innovation,Commission pour la technologie et l'innovation
https://culture.ld.admin.ch/sfa/StateAccounts_Office/9/Office/O48,Schweizer Hochschulrat,Conseil des écoles
https://culture.ld.admin.ch/sfa/StateAccounts_Office/9/Office/O49,Finanzkontrolle,Contrôle des finances
https://culture.ld.admin.ch/sfa/StateAccounts_Office/9/Office/O5,Eidgenössische Zollverwaltung,Administration fédérale des douanes
https://culture.ld.admin.ch/sfa/StateAccounts_Office/9/Office/O50,Direktion der Militärverwaltung,Direction de l'administration militaire
https://culture.ld.admin.ch/sfa/StateAccounts_Office/9/Office/O51,Direktion für Entwicklungszusammenarbeit und humanitäre Hilfe,Direction de la coopération au développement et de l'aide humanitaire
https://culture.ld.admin.ch/sfa/StateAccounts_Office/9/Office/O52,Direktion für Sicherheitspolitik,Direction de la politique de sécurité
https://culture.ld.admin.ch/sfa/StateAccounts_Office/9/Office/O53,Direktion der Bauten,Direction des constructions
https://culture.ld.admin.ch/sfa/StateAccounts_Office/9/Office/O54,Abteilung für Landwirtschaft,Division de l'agriculture
https://culture.ld.admin.ch/sfa/StateAccounts_Office/9/Office/O55,Justizabteilung,Division de la justice
https://culture.ld.admin.ch/sfa/StateAccounts_Office/9/Office/O56,Polizeiabteilung,Division de la police
https://culture.ld.admin.ch/sfa/StateAccounts_Office/9/Office/O57,Abteilung für Wissenschaft und Forschung,Division de la science et de la recherche
https://culture.ld.admin.ch/sfa/StateAccounts_Office/9/Office/O58,Abteilung für Ein- und Ausfuhr,Division des importations et des exportations
https://culture.ld.admin.ch/sfa/StateAccounts_Office/9/Office/O59,Handelsabteilung,Division du commerce
https://culture.ld.admin.ch/sfa/StateAccounts_Office/9/Office/O6,Agroscope,Agroscope
https://culture.ld.admin.ch/sfa/StateAccounts_Office/9/Office/O60,Abteilung Rechtswesen und Sekretariat,Division du contentieux et du secrétariat
https://culture.ld.admin.ch/sfa/StateAccounts_Office/9/Office/O61,Hauptabteilung für die Sicherheit der Kernanlagen,Division principale de la sécurité des installations nucléaires
https://culture.ld.admin.ch/sfa/StateAccounts_Office/9/Office/O62,Bereich der Eidgenössischen Technischen Hochschulen,Domaine des écoles polytechniques fédérales
https://culture.ld.admin.ch/sfa/StateAccounts_Office/9/Office/O63,Verteidigung,Défense
https://culture.ld.admin.ch/sfa/StateAccounts_Office/9/Office/O64,Delegierter für Konjunkturfragen und Arbeitsbeschaffung,Délégué aux questions conjoncturelles et aux possibilités de travail
https://culture.ld.admin.ch/sfa/StateAccounts_Office/9/Office/O65,Delegierter für Fragen der Atomenergie,Délégué aux questions d'énergie atomique
https://culture.ld.admin.ch/sfa/StateAccounts_Office/9/Office/O66,Delegierter für das Flüchtlingswesen,Délégué aux réfugiés
https://culture.ld.admin.ch/sfa/StateAccounts_Office/9/Office/O67,Delegierter für Raumplanung,Délégué à l'aménagement du territoire
https://culture.ld.admin.ch/sfa/StateAccounts_Office/9/Office/O68,Delegierter für Wohnungsbau,Délégué à la construction des logements
https://culture.ld.admin.ch/sfa/StateAccounts_Office/9/Office/O69,Delegierter für technische Zusammenarbeit,Délégué à la coopération technique
https://culture.ld.admin.ch/sfa/StateAccounts_Office/9/Office/O7,Bundesarchiv,Archives fédérales
https://culture.ld.admin.ch/sfa/StateAccounts_Office/9/Office/O70,Delegierter für wirtschaftliche Kriegsvorsorge,Délégué à la défense nationale économique
https://culture.ld.admin.ch/sfa/StateAccounts_Office/9/Office/O71,Eidgenössisches Departement für auswärtige Angelegenheiten,Département fédéral des affaires étrangères
https://culture.ld.admin.ch/sfa/StateAccounts_Office/9/Office/O72,Politisches Departement,Département politique
https://culture.ld.admin.ch/sfa/StateAccounts_Office/9/Office/O73,Hengst- und Fohlendepot,Dépôt d'étalons et de poulains
https://culture.ld.admin.ch/sfa/StateAccounts_Office/9/Office/O74,Militärpferdeanstalt,Dépôts des chevaux de l'armée
https://culture.ld.admin.ch/sfa/StateAccounts_Office/9/Office/O75,Militärstrafdetachement Zugerberg,Détachement des détenus militaires du Zugerberg
https://culture.ld.admin.ch/sfa/StateAccounts_Office/9/Office/O76,Turn- und Sportschule,Ecole de gymnastique et de sport
https://culture.ld.admin.ch/sfa/StateAccounts_Office/9/Office/O77,Sportschule Magglingen,Ecole de sport de Macolin
https://culture.ld.admin.ch/sfa/StateAccounts_Office/9/Office/O78,Technische Hochschule,Ecole polytechnique
https://culture.ld.admin.ch/sfa/StateAccounts_Office/9/Office/O79,Technische Hochschule Lausanne,"Ecole polytechnique, Lausanne"
https://culture.ld.admin.ch/sfa/StateAccounts_Office/9/Office/O8,Armasuisse,Armasuisse
https://culture.ld.admin.ch/sfa/StateAccounts_Office/9/Office/O80,Technische Hochschule Zürich,"Ecole polytechnique, Zurich"
https://culture.ld.admin.ch/sfa/StateAccounts_Office/9/Office/O81,Eidgenössisches Technische Hochschulen und Forschungsanstalten,Ecoles polytechniques fédérales et instituts de recherches
https://culture.ld.admin.ch/sfa/StateAccounts_Office/9/Office/O82,PTT-Betriebe,Entreprise des PTT
https://culture.ld.admin.ch/sfa/StateAccounts_Office/9/Office/O83,Landwirtschaftliche Versuchs- und Untersuchungsanstalten,Etablissement d'essais et d'analyses agricoles
https://culture.ld.admin.ch/sfa/StateAccounts_Office/9/Office/O84,Generalstab,Etat major général
https://culture.ld.admin.ch/sfa/StateAccounts_Office/9/Office/O85,Stab Gruppe für Wissenschaft und Forschung,Etat-major du groupement de la science et de la recherche
https://culture.ld.admin.ch/sfa/StateAccounts_Office/9/Office/O86,Luftwaffe,Forces aériennes
https://culture.ld.admin.ch/sfa/StateAccounts_Office/9/Office/O87,Heer,Forces terrestres
https://culture.ld.admin.ch/sfa/StateAccounts_Office/9/Office/O88,Gruppe Rüstung,Groupement de l'armement
https://culture.ld.admin.ch/sfa/StateAccounts_Office/9/Office/O89,Gruppe für Ausbildung,Groupement de l'instruction
https://culture.ld.admin.ch/sfa/StateAccounts_Office/9/Office/O9,Armasuisse Beschaffung,Armasuisse acquisitions
https://culture.ld.admin.ch/sfa/StateAccounts_Office/9/Office/O90,Gestüt,Haras
https://culture.ld.admin.ch/sfa/StateAccounts_Office/9/Office/O91,Oberforstinspektorat,Inspection des forêts
https://culture.ld.admin.ch/sfa/StateAccounts_Office/9/Office/O92,"Inspektion für Forstwesen, Jagd und Fischerei","Inspection des forêts, chasse et pêche"
https://culture.ld.admin.ch/sfa/StateAccounts_Office/9/Office/O93,Oberbauinspektorat,Inspection des travaux publics
https://culture.ld.admin.ch/sfa/StateAccounts_Office/9/Office/O94,Meteorologische Anstalt,Institut de météorologie
https://culture.ld.admin.ch/sfa/StateAccounts_Office/9/Office/O95,Anstalt für das forstliche Versuchswesen,Institut de recherches forestières
https://culture.ld.admin.ch/sfa/StateAccounts_Office/9/Office/O96,Institut für Nuklearforschung,Institut de recherches nucléaires
https://culture.ld.admin.ch/sfa/StateAccounts_Office/9/Office/O97,Institut für Virologie und Immunologie,Institut de virologie et d'immunologie
https://culture.ld.admin.ch/sfa/StateAccounts_Office/9/Office/O98,Institut für Viruskrankheiten und Immunprophylaxe,Institut de virologie et d'immunoprophylaxie
https://culture.ld.admin.ch/sfa/StateAccounts_Office/9/Office/O99,Paul Scherrer Institut,Institut Paul Scherrer
